Age,Monthly_Charges,Tenure_Months,Contract_Type,Internet_Service,Payment_Method,Region,Tech_Support,Churn
56,73.26,5,One-year,DSL,Credit Card,South,No,0
69,44.25,65,Two-year,DSL,Credit Card,South,No,0
46,46.92,30,Month-to-month,DSL,Debit Card,North,Yes,1
32,57.73,21,Two-year,DSL,UPI,North,Yes,0
60,22.01,70,Month-to-month,DSL,Credit Card,East,No,0
25,52.21,22,Month-to-month,Fiber,Debit Card,South,No,1
38,41.14,32,Month-to-month,DSL,Bank Transfer,East,Yes,0
56,52.75,33,Month-to-month,DSL,Bank Transfer,East,Yes,1
36,31.98,16,One-year,Fiber,Bank Transfer,North,No,0
40,109.05,38,Month-to-month,DSL,UPI,West,No,1
28,79.36,14,Month-to-month,DSL,Debit Card,East,No,1
28,87.91,36,Two-year,DSL,Debit Card,West,No,1
41,98.92,23,One-year,None,Credit Card,South,Yes,0
53,69.84,66,One-year,DSL,Credit Card,North,No,1
57,28.69,2,Two-year,Fiber,Credit Card,South,No,0
41,73.71,65,One-year,Fiber,Debit Card,South,Yes,0
20,78.68,67,Month-to-month,DSL,Credit Card,North,No,0
39,94.54,52,Month-to-month,None,Debit Card,South,No,1
19,63.17,62,One-year,DSL,Debit Card,North,Yes,0
41,32.76,23,Month-to-month,DSL,Bank Transfer,West,No,0
61,48.38,26,One-year,Fiber,Credit Card,South,Yes,0
47,56.31,68,Month-to-month,Fiber,Bank Transfer,North,No,0
55,84.59,55,Month-to-month,Fiber,UPI,East,No,0
19,77.08,6,Month-to-month,DSL,UPI,South,Yes,0
38,55.61,35,One-year,Fiber,UPI,West,Yes,0
50,118.65,22,Month-to-month,Fiber,Debit Card,North,No,1
29,80.58,43,One-year,DSL,Debit Card,South,No,0
39,43.72,15,Month-to-month,DSL,Debit Card,South,No,1
61,30.18,60,Month-to-month,DSL,Credit Card,South,No,0
42,35.29,12,Two-year,DSL,Bank Transfer,West,No,0
66,44.6,49,One-year,Fiber,Debit Card,North,No,0
44,36.07,42,Month-to-month,Fiber,Bank Transfer,East,No,1
59,38.66,38,One-year,None,Bank Transfer,East,Yes,1
45,48.51,45,Month-to-month,DSL,Bank Transfer,East,No,0
33,37.34,35,Month-to-month,Fiber,Credit Card,North,No,1
32,109.68,30,Month-to-month,DSL,Credit Card,East,No,1
64,28.02,30,One-year,DSL,UPI,West,No,1
68,72.45,6,One-year,DSL,UPI,North,No,0
61,61.04,67,Month-to-month,DSL,Bank Transfer,South,No,1
69,118.24,7,Two-year,Fiber,UPI,West,Yes,0
20,31.2,52,Month-to-month,None,Bank Transfer,South,Yes,1
54,59.79,14,Month-to-month,Fiber,Credit Card,East,No,1
68,116.95,15,Month-to-month,DSL,Credit Card,West,Yes,1
24,106.55,21,Month-to-month,DSL,Credit Card,North,Yes,1
38,101.71,35,Month-to-month,DSL,Debit Card,West,Yes,0
26,45.79,66,Month-to-month,Fiber,Bank Transfer,South,No,1
56,37.09,2,One-year,Fiber,Credit Card,North,No,0
35,86.86,35,Month-to-month,None,Bank Transfer,West,No,0
21,112.94,20,Month-to-month,DSL,UPI,West,No,0
42,75.68,10,Month-to-month,Fiber,UPI,West,Yes,1
31,77.16,25,Month-to-month,Fiber,Credit Card,West,No,1
67,48.0,66,Month-to-month,Fiber,Bank Transfer,North,No,0
26,96.95,25,One-year,Fiber,Credit Card,South,No,1
43,38.7,54,Month-to-month,Fiber,UPI,West,Yes,0
19,52.37,33,One-year,Fiber,Credit Card,North,Yes,1
37,62.54,36,Two-year,DSL,Bank Transfer,South,Yes,1
45,70.76,14,Month-to-month,Fiber,UPI,West,No,1
64,44.24,65,One-year,DSL,Debit Card,South,No,0
24,31.48,54,Month-to-month,Fiber,UPI,South,No,1
61,81.06,52,One-year,Fiber,Debit Card,North,No,1
25,48.86,3,Month-to-month,Fiber,Credit Card,South,No,1
64,78.12,41,Month-to-month,None,Credit Card,North,No,1
52,35.44,6,Month-to-month,Fiber,Bank Transfer,West,Yes,1
31,68.11,25,Month-to-month,Fiber,Debit Card,South,Yes,1
34,73.26,13,Month-to-month,Fiber,Credit Card,South,No,1
53,25.18,8,Month-to-month,Fiber,Debit Card,East,Yes,1
67,53.66,21,Month-to-month,Fiber,Credit Card,West,No,1
57,33.44,68,Two-year,Fiber,UPI,West,No,0
21,26.34,25,One-year,Fiber,Credit Card,East,No,1
19,119.0,68,Month-to-month,None,Bank Transfer,East,No,0
23,52.24,45,Month-to-month,None,UPI,North,No,0
59,100.99,60,Two-year,Fiber,Bank Transfer,North,No,1
21,45.46,12,One-year,DSL,UPI,South,Yes,0
46,88.15,32,One-year,DSL,Debit Card,South,Yes,0
35,96.02,13,Month-to-month,Fiber,Bank Transfer,South,Yes,0
43,79.56,31,Month-to-month,DSL,Credit Card,South,No,1
61,67.16,20,Month-to-month,Fiber,Debit Card,North,Yes,1
51,61.18,18,Month-to-month,Fiber,Credit Card,West,Yes,1
27,54.89,60,One-year,Fiber,UPI,South,Yes,0
53,112.95,63,One-year,None,UPI,West,No,1
31,103.06,6,Month-to-month,Fiber,Credit Card,South,No,0
48,116.5,32,Two-year,Fiber,Credit Card,East,No,1
65,32.43,43,Month-to-month,Fiber,Debit Card,South,No,1
32,93.09,2,Month-to-month,DSL,Credit Card,South,No,1
25,113.83,60,Month-to-month,Fiber,Bank Transfer,South,No,1
31,38.12,23,Two-year,DSL,Bank Transfer,North,No,0
40,26.65,31,Month-to-month,None,Credit Card,East,No,0
57,94.11,5,Two-year,Fiber,Bank Transfer,South,Yes,0
38,77.45,34,One-year,DSL,Credit Card,South,No,0
33,104.18,10,Month-to-month,Fiber,Debit Card,West,Yes,1
62,33.98,2,Month-to-month,Fiber,Bank Transfer,East,No,1
35,99.53,11,Two-year,DSL,Bank Transfer,South,No,0
64,40.16,50,Month-to-month,None,Credit Card,West,Yes,0
41,36.37,31,Two-year,DSL,Bank Transfer,West,Yes,0
43,36.43,56,Two-year,DSL,UPI,North,No,0
42,101.46,9,Month-to-month,Fiber,Debit Card,West,Yes,0
62,86.52,21,Month-to-month,Fiber,Debit Card,South,No,0
58,72.31,28,Two-year,Fiber,Bank Transfer,North,No,1
46,55.88,62,One-year,Fiber,Bank Transfer,North,No,0
32,107.72,7,Month-to-month,Fiber,UPI,South,No,1
62,59.24,16,Month-to-month,Fiber,UPI,East,No,1
18,101.66,4,Month-to-month,DSL,Bank Transfer,West,No,0
42,63.91,4,Two-year,DSL,Bank Transfer,North,No,0
24,57.69,40,One-year,DSL,UPI,East,No,1
26,66.27,17,One-year,DSL,Credit Card,South,No,0
41,50.14,52,Month-to-month,Fiber,UPI,West,No,0
18,94.76,52,Month-to-month,DSL,Credit Card,West,Yes,1
61,70.27,36,Two-year,DSL,Debit Card,North,No,0
25,43.22,38,Month-to-month,DSL,Debit Card,West,No,1
41,109.96,50,Month-to-month,None,UPI,West,Yes,1
28,58.39,63,Month-to-month,None,Credit Card,West,Yes,0
68,74.36,63,One-year,Fiber,UPI,West,No,0
34,110.65,62,Two-year,None,UPI,South,Yes,0
25,82.42,7,Month-to-month,Fiber,Credit Card,East,Yes,1
52,31.69,27,Month-to-month,Fiber,UPI,South,No,1
52,113.98,14,One-year,DSL,Debit Card,South,No,1
50,82.77,71,Two-year,Fiber,Bank Transfer,North,Yes,0
22,53.49,5,Month-to-month,Fiber,Bank Transfer,West,No,1
59,33.93,55,Month-to-month,Fiber,UPI,South,No,1
56,99.4,2,Month-to-month,Fiber,Credit Card,West,No,1
58,82.01,62,Two-year,Fiber,Credit Card,South,Yes,0
45,73.35,21,Month-to-month,Fiber,Debit Card,South,No,0
24,109.39,21,Month-to-month,None,Credit Card,North,No,1
26,98.86,10,One-year,DSL,Credit Card,East,No,0
25,35.17,58,One-year,Fiber,Debit Card,East,No,0
29,51.17,39,Month-to-month,Fiber,UPI,South,No,1
51,44.85,5,Two-year,Fiber,Bank Transfer,North,Yes,0
50,94.39,65,Month-to-month,Fiber,Debit Card,West,No,1
65,23.35,13,Month-to-month,DSL,UPI,West,Yes,0
40,76.99,53,Month-to-month,Fiber,Debit Card,South,No,1
41,96.25,45,One-year,DSL,UPI,East,No,0
54,107.68,32,Month-to-month,Fiber,Debit Card,North,Yes,0
52,54.21,36,Two-year,Fiber,UPI,East,No,1
61,102.13,60,One-year,Fiber,Debit Card,West,Yes,0
57,31.06,11,One-year,DSL,UPI,East,Yes,1
39,104.65,63,One-year,Fiber,Debit Card,West,No,0
44,32.75,21,One-year,DSL,Bank Transfer,North,Yes,1
52,59.73,52,Month-to-month,Fiber,Bank Transfer,North,No,1
18,99.73,55,Month-to-month,None,Credit Card,South,Yes,0
52,34.99,26,Two-year,None,UPI,South,No,1
54,42.93,68,Month-to-month,Fiber,Debit Card,East,No,1
64,92.23,34,One-year,Fiber,UPI,North,No,1
31,92.0,52,Two-year,DSL,Bank Transfer,North,No,0
20,84.11,52,Month-to-month,DSL,UPI,South,No,1
18,89.39,29,One-year,Fiber,Debit Card,West,Yes,1
22,74.27,38,Month-to-month,Fiber,UPI,East,Yes,1
43,45.18,42,Month-to-month,None,Debit Card,East,No,0
31,54.57,21,Month-to-month,DSL,Bank Transfer,South,Yes,1
56,38.16,42,Month-to-month,None,Bank Transfer,North,No,0
44,110.85,13,One-year,Fiber,Bank Transfer,South,Yes,0
26,78.34,64,One-year,Fiber,Credit Card,South,No,1
32,60.09,17,One-year,DSL,Bank Transfer,South,No,0
32,66.2,9,Month-to-month,DSL,UPI,South,Yes,0
43,114.73,41,Month-to-month,Fiber,Credit Card,West,No,0
59,35.34,1,One-year,Fiber,Bank Transfer,West,Yes,1
30,78.62,2,Month-to-month,DSL,UPI,North,No,1
68,70.59,60,Two-year,Fiber,UPI,South,Yes,0
49,81.15,48,One-year,Fiber,UPI,West,No,0
56,21.81,29,One-year,Fiber,Debit Card,North,No,0
66,107.21,10,Two-year,None,Credit Card,South,Yes,0
69,113.21,58,Month-to-month,DSL,UPI,East,Yes,1
49,76.51,60,One-year,DSL,Debit Card,West,No,0
21,89.67,21,Month-to-month,Fiber,Bank Transfer,North,Yes,0
47,112.25,28,Two-year,Fiber,UPI,East,No,1
54,90.72,34,Month-to-month,DSL,Debit Card,South,No,1
40,35.25,8,One-year,DSL,UPI,South,Yes,0
56,77.63,59,Two-year,Fiber,Credit Card,South,No,0
62,80.67,49,Month-to-month,DSL,Credit Card,West,No,1
32,62.41,17,Month-to-month,DSL,Bank Transfer,North,No,0
60,93.64,60,One-year,DSL,UPI,East,No,0
46,113.44,45,Month-to-month,DSL,Debit Card,North,Yes,1
53,112.56,69,Month-to-month,Fiber,Bank Transfer,West,Yes,1
30,65.08,32,Month-to-month,Fiber,UPI,North,No,1
49,31.32,44,Month-to-month,Fiber,Bank Transfer,West,No,1
24,118.48,65,Two-year,DSL,Debit Card,South,Yes,0
68,103.89,8,Month-to-month,DSL,Bank Transfer,East,No,1
39,32.47,43,Month-to-month,Fiber,Bank Transfer,South,No,1
45,112.08,1,Month-to-month,Fiber,Bank Transfer,North,Yes,0
19,106.99,51,Month-to-month,Fiber,UPI,South,No,0
59,71.88,24,Month-to-month,DSL,Debit Card,East,Yes,0
62,79.13,24,Month-to-month,None,Credit Card,South,No,1
23,59.9,17,Month-to-month,DSL,UPI,East,Yes,0
45,25.48,5,Month-to-month,Fiber,Credit Card,East,No,1
45,53.52,20,One-year,Fiber,Credit Card,South,Yes,0
61,100.29,21,Month-to-month,Fiber,UPI,West,No,1
61,20.46,58,One-year,DSL,UPI,North,No,0
37,53.35,31,Month-to-month,Fiber,Debit Card,West,Yes,1
47,59.82,11,Month-to-month,Fiber,Debit Card,West,No,1
28,73.74,52,One-year,DSL,Bank Transfer,South,No,0
45,111.99,15,Month-to-month,DSL,Credit Card,North,Yes,1
42,54.63,7,Two-year,DSL,Debit Card,North,No,0
56,54.7,28,One-year,Fiber,Bank Transfer,West,Yes,0
50,93.75,51,Month-to-month,DSL,Debit Card,South,No,1
18,65.22,58,One-year,None,UPI,North,No,1
44,42.46,5,One-year,Fiber,Debit Card,West,No,0
69,65.24,5,Month-to-month,None,Credit Card,North,Yes,1
30,34.09,8,Month-to-month,None,Debit Card,South,No,1
58,37.64,64,Month-to-month,Fiber,Credit Card,South,No,1
20,69.84,10,Two-year,DSL,UPI,South,No,1
56,61.89,38,One-year,DSL,Credit Card,North,No,0
23,111.48,8,Two-year,DSL,Debit Card,East,No,0
25,56.24,25,One-year,Fiber,Bank Transfer,North,Yes,1
44,78.06,66,Month-to-month,DSL,UPI,East,Yes,0
26,83.23,50,Month-to-month,DSL,Debit Card,South,Yes,0
54,21.31,67,One-year,Fiber,UPI,West,Yes,0
50,86.35,49,Month-to-month,None,UPI,East,Yes,0
68,37.8,36,Two-year,DSL,Debit Card,South,Yes,0
59,116.11,68,Month-to-month,DSL,Debit Card,South,Yes,1
61,34.87,41,Month-to-month,DSL,Bank Transfer,East,Yes,1
41,61.46,62,One-year,None,UPI,West,Yes,0
32,28.53,10,One-year,Fiber,UPI,South,Yes,1
49,119.69,21,Month-to-month,DSL,Debit Card,East,Yes,0
49,70.22,36,One-year,DSL,Credit Card,West,No,0
41,79.54,12,Month-to-month,DSL,Debit Card,West,No,0
58,26.71,2,One-year,DSL,UPI,South,Yes,1
69,95.0,13,One-year,None,Debit Card,North,No,1
66,40.99,53,Two-year,Fiber,Bank Transfer,North,Yes,1
66,109.81,32,One-year,Fiber,Credit Card,South,Yes,1
69,40.51,16,Month-to-month,Fiber,Debit Card,West,Yes,0
29,39.07,32,Month-to-month,DSL,Bank Transfer,South,No,1
56,23.65,32,Two-year,Fiber,UPI,East,No,1
19,67.21,11,Month-to-month,Fiber,Debit Card,North,Yes,0
20,76.48,10,Two-year,DSL,UPI,East,Yes,1
66,26.57,15,Month-to-month,Fiber,Bank Transfer,South,No,1
54,97.55,17,One-year,DSL,UPI,South,Yes,0
66,65.33,40,One-year,DSL,Bank Transfer,West,Yes,0
34,72.44,18,Two-year,DSL,Bank Transfer,West,No,0
66,64.08,55,Month-to-month,Fiber,Bank Transfer,West,No,0
19,60.08,25,One-year,Fiber,Debit Card,East,No,0
19,75.96,59,Month-to-month,None,UPI,West,No,0
45,35.52,22,Month-to-month,Fiber,UPI,South,Yes,0
40,38.19,30,One-year,Fiber,Credit Card,West,Yes,0
54,106.18,44,One-year,Fiber,Credit Card,North,No,0
49,114.61,32,Two-year,DSL,Credit Card,West,Yes,0
50,57.33,51,Month-to-month,Fiber,Credit Card,East,No,1
18,47.07,46,Month-to-month,DSL,UPI,North,No,1
36,84.4,21,Month-to-month,Fiber,Bank Transfer,North,No,0
19,60.87,32,Month-to-month,None,Bank Transfer,North,Yes,0
61,22.54,39,Month-to-month,DSL,Debit Card,East,No,0
43,35.62,12,One-year,Fiber,Bank Transfer,South,No,1
49,91.6,47,Month-to-month,Fiber,UPI,West,No,1
23,85.89,18,Two-year,Fiber,UPI,North,Yes,0
49,22.71,21,Two-year,DSL,UPI,North,Yes,0
21,42.2,13,One-year,DSL,Debit Card,North,Yes,0
28,43.11,21,Two-year,DSL,Credit Card,South,Yes,1
34,87.19,8,One-year,DSL,Bank Transfer,South,Yes,0
55,21.97,46,Month-to-month,DSL,UPI,East,No,0
41,30.41,7,Month-to-month,Fiber,UPI,South,No,0
22,99.99,23,Month-to-month,DSL,Credit Card,West,Yes,0
69,37.85,22,Month-to-month,Fiber,UPI,East,No,1
51,85.27,22,Two-year,Fiber,Bank Transfer,East,Yes,0
23,43.82,29,Month-to-month,Fiber,Debit Card,West,No,1
39,29.94,13,Two-year,Fiber,UPI,West,No,1
28,44.32,2,One-year,Fiber,Bank Transfer,West,No,1
65,92.23,29,Month-to-month,None,UPI,East,No,0
33,105.57,52,Two-year,DSL,Credit Card,East,Yes,0
50,103.02,27,Month-to-month,DSL,UPI,East,Yes,0
26,59.72,50,Month-to-month,Fiber,UPI,West,No,1
23,86.81,23,One-year,DSL,Debit Card,West,No,1
33,40.5,44,Month-to-month,DSL,Credit Card,North,Yes,1
46,49.31,22,One-year,DSL,Credit Card,South,Yes,1
20,109.63,43,Month-to-month,DSL,Debit Card,North,No,0
37,21.3,37,Month-to-month,Fiber,UPI,West,Yes,1
53,28.55,61,Two-year,DSL,Bank Transfer,East,No,0
36,40.79,56,Month-to-month,Fiber,Credit Card,West,No,1
43,22.65,3,Month-to-month,Fiber,Credit Card,South,Yes,1
20,38.14,63,Month-to-month,Fiber,UPI,North,Yes,0
36,78.3,19,Two-year,Fiber,UPI,North,No,1
37,62.14,23,Month-to-month,Fiber,Credit Card,East,No,1
49,109.27,29,Month-to-month,DSL,UPI,North,No,0
24,101.74,30,Month-to-month,Fiber,Bank Transfer,North,Yes,1
69,54.18,39,Month-to-month,Fiber,Credit Card,West,Yes,1
58,45.94,25,One-year,Fiber,Bank Transfer,North,No,0
50,57.97,8,One-year,Fiber,Bank Transfer,North,No,0
57,79.03,58,Month-to-month,DSL,UPI,North,Yes,1
56,46.81,16,One-year,Fiber,Bank Transfer,East,No,1
35,82.41,1,Month-to-month,Fiber,UPI,East,Yes,1
57,60.94,5,Two-year,DSL,Debit Card,West,Yes,1
18,75.2,3,Two-year,Fiber,UPI,North,Yes,1
28,63.61,65,Month-to-month,DSL,Bank Transfer,East,Yes,1
45,49.45,4,Two-year,DSL,Debit Card,East,No,1
42,114.85,64,One-year,DSL,UPI,West,No,0
67,96.36,10,Month-to-month,DSL,Bank Transfer,South,No,1
40,34.01,21,Month-to-month,Fiber,Credit Card,North,No,1
48,106.85,46,Month-to-month,DSL,Credit Card,East,Yes,0
47,68.74,27,One-year,None,UPI,West,Yes,0
59,109.46,66,Two-year,Fiber,UPI,West,Yes,1
52,99.99,41,One-year,DSL,Credit Card,West,Yes,0
24,62.52,13,Two-year,Fiber,Bank Transfer,East,No,1
33,22.25,9,One-year,Fiber,Bank Transfer,North,No,0
43,46.87,36,One-year,Fiber,Bank Transfer,South,No,1
65,74.16,58,One-year,DSL,UPI,North,Yes,0
69,83.35,54,Month-to-month,Fiber,Debit Card,West,Yes,0
66,45.79,12,Month-to-month,Fiber,Debit Card,West,No,0
19,33.94,14,One-year,DSL,Debit Card,South,Yes,1
18,103.49,34,Month-to-month,DSL,Debit Card,North,No,0
65,118.44,53,One-year,Fiber,Debit Card,West,No,1
29,72.57,20,Month-to-month,DSL,UPI,West,Yes,0
22,37.17,16,Month-to-month,Fiber,UPI,North,No,1
54,47.23,70,One-year,DSL,Debit Card,West,No,0
49,21.84,56,Month-to-month,None,UPI,North,Yes,0
26,111.43,58,Month-to-month,Fiber,UPI,West,No,0
58,31.78,4,Month-to-month,DSL,Debit Card,North,Yes,0
52,77.65,4,Two-year,DSL,Bank Transfer,South,Yes,1
36,47.41,20,Month-to-month,Fiber,UPI,West,No,1
65,75.42,10,Two-year,Fiber,Bank Transfer,South,No,1
33,85.14,24,Month-to-month,Fiber,UPI,West,Yes,0
20,102.97,26,Two-year,DSL,UPI,West,Yes,0
37,40.64,37,Two-year,DSL,Debit Card,East,No,0
41,21.1,54,Month-to-month,DSL,UPI,North,No,0
50,33.69,21,Month-to-month,Fiber,Credit Card,South,No,1
41,110.0,38,Month-to-month,DSL,Credit Card,South,Yes,0
69,107.39,46,One-year,Fiber,Debit Card,South,No,1
28,79.74,4,Month-to-month,Fiber,Bank Transfer,North,Yes,1
66,80.05,60,Month-to-month,None,Bank Transfer,East,No,1
25,86.5,57,Month-to-month,DSL,Bank Transfer,South,Yes,1
53,37.54,45,Month-to-month,DSL,Credit Card,North,No,0
55,111.44,20,Month-to-month,Fiber,Bank Transfer,West,Yes,1
57,61.88,17,One-year,Fiber,Bank Transfer,South,No,0
37,58.31,71,Two-year,DSL,Debit Card,South,Yes,0
52,71.89,4,Month-to-month,None,Bank Transfer,East,Yes,0
65,24.7,14,Month-to-month,Fiber,Credit Card,South,No,1
42,36.63,3,Month-to-month,DSL,Credit Card,South,No,0
52,93.8,58,One-year,DSL,Credit Card,West,No,0
42,28.28,55,Two-year,Fiber,Debit Card,North,Yes,0
46,80.32,4,Two-year,Fiber,Debit Card,North,No,0
35,44.53,24,Two-year,DSL,UPI,East,No,0
63,58.93,34,Month-to-month,Fiber,Bank Transfer,West,Yes,1
35,48.87,30,One-year,Fiber,Debit Card,North,Yes,0
19,55.57,19,One-year,DSL,Credit Card,West,No,1
52,91.9,31,Month-to-month,Fiber,Credit Card,North,No,0
33,49.71,60,Two-year,None,Debit Card,West,No,0
58,76.64,60,Month-to-month,DSL,Debit Card,East,No,0
53,67.61,19,One-year,DSL,Debit Card,South,No,0
50,86.37,49,Month-to-month,Fiber,UPI,East,Yes,0
21,113.68,63,Month-to-month,Fiber,Credit Card,North,No,0
50,93.26,22,One-year,None,UPI,East,No,0
31,41.49,24,Month-to-month,Fiber,UPI,South,Yes,1
38,23.12,30,Month-to-month,Fiber,Bank Transfer,East,No,0
65,46.23,58,Month-to-month,Fiber,Credit Card,North,Yes,1
37,79.51,31,One-year,Fiber,Credit Card,North,No,0
25,25.14,64,Month-to-month,DSL,Debit Card,East,Yes,0
24,69.64,19,Month-to-month,DSL,Debit Card,South,Yes,0
20,79.68,48,Two-year,DSL,Bank Transfer,East,Yes,0
34,53.42,45,One-year,Fiber,UPI,South,No,1
50,97.09,55,Month-to-month,DSL,Debit Card,West,Yes,0
65,30.66,55,One-year,None,Debit Card,South,No,0
29,27.51,18,One-year,DSL,Credit Card,West,No,0
68,92.82,63,Two-year,DSL,Credit Card,East,No,0
39,69.55,47,Month-to-month,Fiber,Debit Card,South,Yes,1
39,88.84,57,Month-to-month,Fiber,Credit Card,West,No,1
63,63.48,45,Month-to-month,DSL,Bank Transfer,West,Yes,1
47,44.64,33,Month-to-month,DSL,Debit Card,West,No,1
55,101.91,17,Month-to-month,None,Credit Card,North,Yes,0
55,99.94,70,Month-to-month,DSL,Bank Transfer,East,No,0
62,89.47,4,One-year,DSL,Credit Card,West,No,0
68,47.21,20,Month-to-month,Fiber,Credit Card,South,No,0
25,79.02,47,Month-to-month,DSL,Credit Card,West,No,1
44,56.1,15,Two-year,Fiber,Debit Card,North,Yes,1
44,29.16,70,Month-to-month,DSL,UPI,East,Yes,0
51,111.73,47,Month-to-month,DSL,Credit Card,North,No,0
38,33.68,9,One-year,DSL,Bank Transfer,North,No,0
47,115.02,16,Month-to-month,DSL,Debit Card,North,Yes,1
50,64.6,69,One-year,DSL,Debit Card,South,No,0
45,38.51,61,One-year,DSL,Bank Transfer,East,No,0
64,74.19,10,Month-to-month,Fiber,Credit Card,East,No,0
50,107.29,50,One-year,DSL,UPI,South,Yes,0
22,93.22,3,Month-to-month,Fiber,Credit Card,East,Yes,1
65,100.66,70,Month-to-month,Fiber,Bank Transfer,North,Yes,1
36,85.88,51,Month-to-month,Fiber,Debit Card,East,No,1
21,89.23,19,Month-to-month,DSL,UPI,South,No,0
52,104.92,42,Two-year,None,Debit Card,North,No,0
66,44.97,35,Month-to-month,DSL,Bank Transfer,South,No,1
34,68.94,46,Month-to-month,DSL,Credit Card,West,No,0
61,42.12,26,Month-to-month,Fiber,UPI,North,No,0
45,118.77,69,Month-to-month,Fiber,Debit Card,North,No,0
47,114.41,64,Month-to-month,Fiber,Debit Card,East,Yes,0
46,23.94,37,Month-to-month,DSL,Debit Card,North,No,0
63,90.56,49,One-year,Fiber,Credit Card,South,No,0
23,112.52,21,Month-to-month,DSL,UPI,East,Yes,0
52,38.06,64,Month-to-month,None,Credit Card,West,Yes,1
58,76.79,5,Month-to-month,DSL,Credit Card,South,Yes,0
54,111.55,70,Month-to-month,Fiber,Credit Card,West,No,0
41,23.39,4,Two-year,Fiber,Bank Transfer,West,No,1
46,89.74,39,Month-to-month,Fiber,Bank Transfer,West,No,1
66,49.73,35,Month-to-month,Fiber,Bank Transfer,North,No,0
63,112.44,1,Month-to-month,Fiber,UPI,South,Yes,0
48,117.11,24,One-year,DSL,Credit Card,South,Yes,0
52,114.43,57,One-year,DSL,Credit Card,North,Yes,0
50,67.42,70,Month-to-month,DSL,Bank Transfer,East,No,1
69,106.2,41,One-year,Fiber,Credit Card,West,Yes,0
38,104.45,54,One-year,Fiber,Credit Card,South,No,0
49,51.91,46,Two-year,Fiber,Debit Card,North,No,1
40,102.89,60,One-year,DSL,Credit Card,West,No,1
50,23.7,60,Month-to-month,DSL,Debit Card,East,Yes,0
20,79.63,57,Month-to-month,Fiber,Credit Card,East,No,0
35,43.0,31,Month-to-month,Fiber,UPI,West,No,0
42,32.06,24,Month-to-month,Fiber,Bank Transfer,East,Yes,1
59,27.7,36,Two-year,None,Debit Card,South,No,0
48,89.63,30,Month-to-month,DSL,Bank Transfer,South,No,1
20,53.99,24,Month-to-month,Fiber,Debit Card,South,Yes,1
57,92.48,30,One-year,Fiber,Debit Card,East,No,1
63,26.54,7,Month-to-month,DSL,Debit Card,South,Yes,1
41,51.53,35,Month-to-month,DSL,UPI,North,No,0
67,73.95,55,Month-to-month,DSL,Credit Card,South,Yes,0
49,99.07,14,Month-to-month,Fiber,Debit Card,South,No,1
64,51.88,10,One-year,Fiber,UPI,East,Yes,0
39,82.59,16,Month-to-month,Fiber,Debit Card,South,No,1
40,108.6,54,Month-to-month,None,Credit Card,West,No,0
19,81.59,70,Month-to-month,Fiber,Debit Card,North,No,1
44,43.3,44,Month-to-month,DSL,UPI,East,No,1
59,22.44,45,One-year,Fiber,Credit Card,North,No,1
19,107.01,56,Month-to-month,Fiber,UPI,West,Yes,1
43,22.13,57,Month-to-month,Fiber,Credit Card,East,Yes,0
34,107.47,21,Two-year,Fiber,Credit Card,East,No,0
57,72.89,68,One-year,Fiber,Bank Transfer,South,Yes,0
50,113.91,50,Month-to-month,DSL,Bank Transfer,North,Yes,0
26,99.88,33,Month-to-month,Fiber,Bank Transfer,West,No,1
60,119.79,7,One-year,DSL,Credit Card,West,Yes,1
65,55.07,70,One-year,DSL,Debit Card,East,Yes,0
56,96.72,15,Month-to-month,DSL,UPI,South,No,0
46,60.19,32,Two-year,DSL,UPI,East,No,1
59,67.99,20,Month-to-month,DSL,UPI,East,No,0
43,82.75,15,Month-to-month,Fiber,Bank Transfer,East,No,1
52,107.37,48,Month-to-month,None,Credit Card,East,No,0
67,118.41,71,Month-to-month,DSL,Bank Transfer,West,No,0
42,96.83,21,One-year,DSL,Debit Card,West,Yes,0
41,61.78,42,Month-to-month,DSL,Credit Card,East,Yes,1
30,62.14,26,Month-to-month,DSL,UPI,East,No,0
24,93.76,14,Two-year,DSL,Bank Transfer,South,No,0
53,43.88,57,Month-to-month,None,Bank Transfer,East,No,0
62,31.05,37,Month-to-month,DSL,Debit Card,West,Yes,0
37,55.46,58,Month-to-month,Fiber,Debit Card,North,Yes,1
18,48.72,21,Month-to-month,DSL,Bank Transfer,West,No,1
25,49.63,69,Month-to-month,Fiber,Debit Card,South,Yes,0
63,43.36,3,One-year,Fiber,UPI,West,No,0
33,24.21,37,Month-to-month,None,Debit Card,North,Yes,1
31,21.79,49,Month-to-month,Fiber,Debit Card,East,Yes,1
29,118.77,19,One-year,DSL,Bank Transfer,North,No,1
68,62.78,12,One-year,DSL,Bank Transfer,East,No,1
40,58.43,61,Month-to-month,Fiber,Credit Card,East,Yes,0
32,87.96,41,Month-to-month,DSL,Credit Card,West,Yes,0
45,41.83,33,Month-to-month,Fiber,Bank Transfer,West,No,1
51,115.0,50,Month-to-month,DSL,Debit Card,West,Yes,0
19,98.63,68,Month-to-month,DSL,Debit Card,South,No,1
49,28.94,71,Month-to-month,Fiber,Credit Card,West,No,0
40,61.76,33,Two-year,Fiber,Credit Card,South,Yes,1
39,107.91,24,Month-to-month,Fiber,Credit Card,West,No,1
68,114.47,61,One-year,DSL,UPI,East,Yes,0
42,66.74,61,Month-to-month,Fiber,UPI,South,No,1
39,81.34,28,One-year,DSL,Credit Card,North,Yes,0
39,36.7,58,One-year,DSL,Debit Card,South,No,0
66,119.12,43,One-year,Fiber,Credit Card,South,Yes,1
69,43.17,41,Month-to-month,DSL,UPI,North,Yes,0
59,114.27,39,Month-to-month,DSL,Debit Card,South,No,0
23,84.96,49,Month-to-month,DSL,UPI,East,No,1
32,80.77,17,One-year,DSL,Debit Card,West,No,0
60,71.27,70,Month-to-month,DSL,UPI,North,Yes,0
54,43.07,70,Month-to-month,DSL,Debit Card,West,No,1
50,37.65,65,Month-to-month,DSL,Debit Card,East,Yes,0
25,42.05,5,Month-to-month,DSL,Debit Card,North,Yes,1
61,38.64,2,Month-to-month,Fiber,Debit Card,West,No,1
61,97.96,22,Month-to-month,DSL,Bank Transfer,West,Yes,1
22,55.01,57,Two-year,DSL,UPI,East,No,1
56,25.78,66,One-year,DSL,UPI,West,No,0
21,116.91,16,Two-year,Fiber,Bank Transfer,East,No,0
23,108.38,51,Month-to-month,Fiber,Debit Card,South,No,1
62,112.78,39,Two-year,Fiber,Debit Card,East,No,1
49,119.49,40,One-year,Fiber,UPI,South,Yes,0
69,37.39,38,One-year,Fiber,Bank Transfer,North,No,0
47,59.62,60,One-year,Fiber,Debit Card,West,Yes,1
64,95.82,59,Month-to-month,Fiber,Debit Card,East,Yes,0
52,89.6,10,One-year,DSL,Debit Card,East,No,0
57,35.39,64,Month-to-month,DSL,Credit Card,West,No,1
69,101.58,63,Month-to-month,DSL,Bank Transfer,West,No,0
33,42.44,49,Month-to-month,None,Debit Card,North,Yes,0
30,42.38,64,Two-year,Fiber,Credit Card,North,No,1
67,73.7,32,Two-year,Fiber,Bank Transfer,East,Yes,0
59,79.29,7,Two-year,DSL,Debit Card,North,No,0
47,78.01,21,One-year,Fiber,UPI,South,No,0
36,29.15,20,Month-to-month,DSL,Credit Card,North,No,1
34,107.75,26,Month-to-month,DSL,Credit Card,North,Yes,1
36,46.56,68,Month-to-month,Fiber,Debit Card,East,Yes,1
45,32.95,15,Month-to-month,Fiber,Debit Card,South,Yes,1
43,108.87,14,Month-to-month,DSL,Credit Card,North,No,1
54,115.57,27,Month-to-month,Fiber,UPI,South,No,1
43,106.21,40,Month-to-month,DSL,UPI,South,Yes,1
40,100.95,58,Two-year,None,Bank Transfer,South,No,0
26,85.52,28,Month-to-month,DSL,Debit Card,West,No,1
29,75.09,26,Two-year,DSL,UPI,West,No,1
18,28.7,63,One-year,DSL,Bank Transfer,West,No,0
18,60.85,66,Month-to-month,DSL,UPI,West,No,1
64,57.27,25,Month-to-month,DSL,Debit Card,East,Yes,0
51,45.98,3,Month-to-month,Fiber,Bank Transfer,North,Yes,0
49,92.34,44,Month-to-month,Fiber,Bank Transfer,West,Yes,1
65,69.59,42,One-year,Fiber,Bank Transfer,East,No,1
42,28.1,6,Month-to-month,DSL,UPI,North,No,0
57,42.02,39,Month-to-month,Fiber,Debit Card,West,No,1
62,88.33,52,Month-to-month,DSL,Bank Transfer,North,Yes,0
18,27.61,23,Two-year,DSL,Credit Card,West,No,1
33,105.12,50,One-year,Fiber,Debit Card,East,Yes,0
56,69.51,43,One-year,Fiber,Credit Card,South,Yes,0
22,68.06,19,Month-to-month,DSL,Credit Card,South,No,1
39,79.24,69,One-year,DSL,Bank Transfer,North,No,1
46,102.47,51,One-year,None,Bank Transfer,East,No,0
20,54.78,11,One-year,DSL,UPI,South,No,1
29,87.8,12,Two-year,Fiber,UPI,West,Yes,0
43,76.57,8,Month-to-month,Fiber,UPI,South,Yes,0
33,46.7,24,Two-year,DSL,Debit Card,North,Yes,1
68,107.86,41,Two-year,DSL,UPI,North,No,1
54,99.74,36,Month-to-month,DSL,Credit Card,East,No,1
39,85.85,55,Month-to-month,Fiber,UPI,North,Yes,0
46,105.06,9,Two-year,Fiber,Bank Transfer,South,No,1
31,106.73,47,Month-to-month,Fiber,UPI,South,Yes,0
45,90.84,15,Month-to-month,None,Debit Card,South,Yes,0
22,103.7,48,Two-year,Fiber,Debit Card,South,No,0
64,89.75,42,Month-to-month,Fiber,Credit Card,East,Yes,0
66,88.01,60,Month-to-month,Fiber,Debit Card,West,No,1
47,81.86,70,Month-to-month,Fiber,UPI,West,No,0
63,95.27,12,Month-to-month,Fiber,Bank Transfer,East,No,0
69,35.86,2,Month-to-month,Fiber,Debit Card,North,Yes,0
22,108.09,7,Month-to-month,Fiber,Credit Card,West,Yes,1
29,107.18,3,One-year,DSL,UPI,North,No,0
33,22.92,3,Month-to-month,Fiber,Credit Card,West,Yes,0
43,102.58,27,One-year,DSL,Debit Card,North,Yes,0
43,32.89,40,One-year,DSL,Debit Card,East,No,0
65,53.51,33,Month-to-month,DSL,Credit Card,South,No,1
38,94.35,1,One-year,Fiber,UPI,North,No,1
56,36.08,8,Month-to-month,Fiber,Debit Card,South,Yes,0
53,101.8,32,Month-to-month,DSL,Bank Transfer,North,No,1
50,103.21,48,Month-to-month,Fiber,Debit Card,North,Yes,0
47,70.75,4,Two-year,Fiber,UPI,North,Yes,0
54,20.64,70,Month-to-month,DSL,Debit Card,North,No,0
40,48.7,19,Month-to-month,Fiber,Credit Card,North,No,1
27,81.69,32,One-year,Fiber,Debit Card,South,No,0
22,118.12,9,Month-to-month,Fiber,Debit Card,North,No,1
53,83.18,12,Month-to-month,Fiber,UPI,South,No,1
51,45.98,11,Month-to-month,Fiber,Credit Card,East,No,1
69,83.4,46,One-year,DSL,UPI,West,No,0
48,74.0,16,One-year,DSL,Debit Card,North,No,0
27,97.98,1,Month-to-month,DSL,Bank Transfer,West,No,1
36,30.7,63,Month-to-month,None,Debit Card,South,No,1
49,96.1,21,Month-to-month,DSL,UPI,East,No,1
18,74.13,30,One-year,DSL,Bank Transfer,East,Yes,0
22,116.3,13,Month-to-month,Fiber,UPI,East,No,1
62,54.19,34,Month-to-month,None,UPI,West,Yes,1
21,83.26,4,Month-to-month,Fiber,Credit Card,South,No,1
33,113.2,28,Month-to-month,DSL,Bank Transfer,North,Yes,1
41,30.25,59,Month-to-month,DSL,Debit Card,North,No,0
33,113.72,27,Month-to-month,DSL,UPI,South,No,0
19,88.79,69,Month-to-month,DSL,Debit Card,West,Yes,1
66,26.78,25,One-year,DSL,Credit Card,North,Yes,0
45,50.1,3,Month-to-month,Fiber,Credit Card,South,Yes,1
49,90.82,68,Two-year,None,Bank Transfer,North,No,0
44,26.74,25,Month-to-month,DSL,Credit Card,East,Yes,0
37,78.22,20,One-year,Fiber,Credit Card,North,Yes,0
41,54.59,34,One-year,Fiber,Debit Card,West,Yes,0
29,82.09,26,Month-to-month,DSL,Credit Card,South,No,1
67,24.57,5,Month-to-month,Fiber,Credit Card,West,Yes,1
52,107.15,61,One-year,DSL,UPI,South,No,0
50,117.35,9,Month-to-month,DSL,Credit Card,East,Yes,0
50,116.89,50,Two-year,Fiber,UPI,South,No,0
68,94.97,6,Month-to-month,DSL,Credit Card,North,Yes,1
60,33.01,60,Two-year,None,Credit Card,North,No,0
54,95.83,44,Month-to-month,DSL,Bank Transfer,East,Yes,1
29,22.46,11,One-year,Fiber,Bank Transfer,South,No,1
20,22.21,66,One-year,Fiber,UPI,East,No,0
18,52.36,47,One-year,DSL,Credit Card,North,No,0
50,68.86,3,Month-to-month,DSL,Debit Card,West,No,1
57,97.04,30,One-year,Fiber,Bank Transfer,East,No,1
27,88.33,21,Month-to-month,Fiber,Debit Card,West,No,1
60,64.59,28,One-year,Fiber,Bank Transfer,West,No,0
61,47.36,62,Month-to-month,Fiber,Bank Transfer,South,Yes,0
46,119.71,33,Two-year,Fiber,Credit Card,East,No,0
30,62.62,35,Month-to-month,Fiber,Bank Transfer,West,No,0
29,65.14,52,One-year,Fiber,Debit Card,West,Yes,1
48,36.36,34,Two-year,Fiber,Bank Transfer,South,Yes,0
63,99.48,41,One-year,Fiber,UPI,South,Yes,0
19,89.37,51,Month-to-month,Fiber,Credit Card,North,No,1
68,42.08,47,Month-to-month,DSL,Credit Card,West,Yes,1
67,28.24,58,Two-year,Fiber,UPI,North,Yes,0
52,88.05,57,Month-to-month,Fiber,UPI,West,Yes,0
40,85.45,23,Month-to-month,DSL,UPI,North,No,0
34,47.33,48,One-year,DSL,Bank Transfer,South,No,0
43,115.09,22,One-year,DSL,Credit Card,East,Yes,0
25,35.11,17,Month-to-month,Fiber,UPI,South,Yes,0
46,63.23,69,One-year,Fiber,Bank Transfer,North,Yes,0
43,114.36,11,One-year,DSL,UPI,North,No,1
27,61.97,15,Month-to-month,Fiber,Debit Card,East,No,1
43,83.85,35,Two-year,Fiber,Debit Card,West,No,0
51,59.76,33,Month-to-month,DSL,Credit Card,North,Yes,0
68,47.42,16,Month-to-month,Fiber,Bank Transfer,North,No,1
58,118.4,34,Month-to-month,None,Debit Card,North,No,1
24,60.93,66,Month-to-month,Fiber,Debit Card,East,Yes,0
21,109.41,40,Two-year,Fiber,Bank Transfer,South,Yes,0
67,43.0,28,Month-to-month,None,UPI,North,Yes,1
62,41.31,47,Month-to-month,Fiber,Bank Transfer,East,No,1
28,23.11,39,Month-to-month,DSL,UPI,North,No,1
46,85.17,70,Month-to-month,Fiber,Debit Card,West,No,0
53,56.85,20,Month-to-month,Fiber,Debit Card,East,No,1
42,106.44,1,Month-to-month,Fiber,Debit Card,North,Yes,1
38,67.32,63,Month-to-month,DSL,Credit Card,East,No,0
53,116.82,67,Two-year,Fiber,Credit Card,North,No,1
27,38.55,4,Month-to-month,DSL,Credit Card,South,Yes,1
54,106.86,58,Month-to-month,None,Bank Transfer,North,No,1
26,97.66,25,Month-to-month,DSL,Debit Card,East,Yes,0
41,97.09,47,One-year,DSL,Debit Card,West,Yes,0
52,104.48,38,Month-to-month,Fiber,Bank Transfer,West,No,1
66,96.1,15,Month-to-month,DSL,Credit Card,West,No,0
52,82.62,63,Month-to-month,Fiber,Bank Transfer,North,No,1
65,33.12,21,Two-year,None,Credit Card,South,Yes,1
53,23.25,57,Month-to-month,Fiber,Debit Card,North,No,0
35,112.08,53,One-year,DSL,UPI,West,No,1
66,81.67,46,Month-to-month,DSL,Credit Card,East,No,0
56,99.65,14,Month-to-month,Fiber,Debit Card,West,No,1
49,68.15,17,One-year,None,Debit Card,East,No,0
41,31.73,39,Month-to-month,Fiber,UPI,South,Yes,1
40,32.52,9,Two-year,Fiber,Debit Card,East,No,0
49,88.56,6,Two-year,DSL,Debit Card,North,Yes,0
54,63.03,23,Two-year,Fiber,Credit Card,North,Yes,1
29,40.05,59,Month-to-month,Fiber,Credit Card,North,No,1
66,69.16,46,One-year,DSL,UPI,East,No,0
30,26.42,38,Month-to-month,DSL,UPI,North,Yes,0
40,78.2,14,Two-year,Fiber,Debit Card,North,No,0
42,46.9,62,One-year,DSL,Credit Card,North,Yes,0
52,99.76,35,One-year,DSL,UPI,South,No,0
58,51.04,19,Month-to-month,Fiber,UPI,East,No,0
47,65.52,30,Month-to-month,DSL,Bank Transfer,East,No,0
34,21.16,25,Month-to-month,DSL,UPI,West,Yes,0
66,27.24,40,One-year,Fiber,Debit Card,East,No,0
37,59.25,14,Month-to-month,Fiber,Credit Card,South,No,0
65,67.99,26,Month-to-month,Fiber,UPI,East,No,1
42,80.0,22,One-year,Fiber,Bank Transfer,South,No,0
39,49.17,48,Month-to-month,Fiber,Credit Card,South,No,1
30,89.5,51,Month-to-month,Fiber,UPI,East,Yes,0
36,106.01,3,Month-to-month,DSL,Bank Transfer,West,No,1
66,97.99,42,Month-to-month,Fiber,UPI,North,No,1
53,23.96,19,Month-to-month,None,Credit Card,North,Yes,1
29,68.05,28,Month-to-month,DSL,Credit Card,East,No,0
58,30.49,45,Month-to-month,DSL,Credit Card,East,Yes,0
36,44.2,71,Month-to-month,Fiber,Debit Card,South,No,0
29,118.67,63,One-year,DSL,UPI,East,No,0
26,34.25,19,Month-to-month,DSL,Debit Card,South,Yes,1
24,69.89,47,Month-to-month,Fiber,Credit Card,West,No,0
45,81.82,14,Two-year,None,Bank Transfer,East,Yes,0
31,90.25,38,Month-to-month,Fiber,UPI,North,Yes,0
48,75.96,53,Month-to-month,DSL,Debit Card,North,Yes,0
69,20.98,61,One-year,DSL,UPI,East,No,0
36,52.65,36,Two-year,Fiber,Bank Transfer,South,Yes,1
64,71.77,40,One-year,Fiber,Debit Card,North,No,1
33,28.79,30,One-year,DSL,Credit Card,South,No,0
22,55.06,9,One-year,Fiber,Debit Card,East,Yes,0
52,23.32,64,Month-to-month,DSL,UPI,East,No,0
29,27.86,33,One-year,Fiber,UPI,North,No,1
42,59.69,52,Month-to-month,Fiber,UPI,East,No,1
69,33.27,14,Two-year,Fiber,UPI,West,Yes,0
38,76.75,53,Month-to-month,Fiber,Credit Card,West,Yes,1
53,88.95,59,Month-to-month,DSL,Debit Card,North,Yes,0
40,100.06,41,Month-to-month,Fiber,Credit Card,West,Yes,1
33,40.02,68,One-year,Fiber,Credit Card,South,Yes,0
56,36.75,68,Month-to-month,DSL,Credit Card,North,Yes,0
62,30.46,8,Two-year,Fiber,UPI,North,Yes,0
59,83.64,2,One-year,DSL,UPI,South,Yes,1
56,90.65,41,Month-to-month,Fiber,UPI,West,Yes,1
31,23.16,55,One-year,Fiber,Debit Card,West,Yes,1
48,113.62,16,One-year,None,Bank Transfer,West,No,1
22,25.2,62,One-year,DSL,UPI,North,Yes,0
52,74.13,48,Month-to-month,Fiber,Debit Card,North,No,0
40,90.91,30,Month-to-month,Fiber,UPI,West,Yes,1
46,107.1,12,Month-to-month,Fiber,UPI,East,No,1
60,91.41,35,Month-to-month,DSL,Credit Card,West,Yes,0
28,100.17,11,Two-year,Fiber,Credit Card,South,No,1
35,53.95,64,Month-to-month,Fiber,Credit Card,North,No,0
64,101.48,50,One-year,DSL,Debit Card,South,Yes,0
29,28.01,21,Month-to-month,DSL,Bank Transfer,South,No,0
26,109.48,69,Month-to-month,Fiber,Bank Transfer,North,No,1
27,74.76,48,One-year,Fiber,Debit Card,East,Yes,1
61,101.73,20,Two-year,DSL,UPI,West,No,0
34,65.23,67,Month-to-month,DSL,Debit Card,South,No,0
55,84.36,44,Month-to-month,DSL,UPI,North,No,1
24,72.64,33,Month-to-month,Fiber,Debit Card,South,Yes,0
63,93.16,61,Month-to-month,Fiber,Debit Card,West,No,1
30,28.16,9,Month-to-month,Fiber,Debit Card,East,No,0
57,26.04,68,Month-to-month,None,Bank Transfer,East,No,1
59,44.71,35,Month-to-month,Fiber,Credit Card,East,No,0
26,35.95,65,One-year,DSL,Debit Card,North,Yes,0
67,107.18,8,Month-to-month,DSL,Bank Transfer,North,No,0
44,41.92,45,Month-to-month,DSL,Credit Card,East,Yes,1
19,117.59,47,Month-to-month,None,Credit Card,West,Yes,0
22,53.69,40,One-year,Fiber,Debit Card,West,No,0
46,38.21,54,Two-year,DSL,UPI,North,No,0
54,98.97,46,Month-to-month,DSL,UPI,East,Yes,0
55,85.87,47,One-year,Fiber,UPI,West,No,1
36,69.82,15,Month-to-month,Fiber,Debit Card,West,Yes,0
25,75.54,19,Month-to-month,DSL,UPI,West,No,1
65,91.92,26,Month-to-month,None,Bank Transfer,North,No,1
62,42.85,52,Month-to-month,Fiber,Bank Transfer,East,Yes,0
18,119.63,22,One-year,DSL,Bank Transfer,South,Yes,0
39,117.48,21,Two-year,Fiber,Bank Transfer,East,Yes,1
69,85.03,51,Month-to-month,DSL,Credit Card,East,No,1
34,39.95,38,One-year,None,Bank Transfer,North,Yes,0
24,88.02,20,Month-to-month,None,UPI,West,Yes,0
42,27.22,29,Month-to-month,Fiber,Debit Card,West,No,1
62,23.07,51,Month-to-month,Fiber,UPI,North,No,1
21,45.77,4,Month-to-month,DSL,Bank Transfer,North,Yes,1
53,66.26,55,Month-to-month,None,Credit Card,North,No,0
23,106.83,71,Month-to-month,Fiber,Bank Transfer,North,Yes,0
48,92.72,28,Month-to-month,Fiber,Debit Card,North,No,1
36,94.27,4,Month-to-month,None,UPI,South,Yes,0
61,62.55,22,One-year,None,Debit Card,East,Yes,0
56,54.59,45,Month-to-month,Fiber,Debit Card,East,No,1
44,57.1,67,Two-year,DSL,Debit Card,East,Yes,0
27,118.76,66,Month-to-month,None,UPI,West,No,1
43,24.01,34,One-year,Fiber,Bank Transfer,South,Yes,1
36,106.7,55,Two-year,None,Debit Card,East,Yes,0
56,77.87,1,One-year,Fiber,UPI,West,No,0
20,63.86,38,Month-to-month,DSL,Credit Card,South,No,0
62,92.53,6,One-year,DSL,UPI,South,No,1
30,68.67,25,Month-to-month,Fiber,Credit Card,West,Yes,1
67,107.34,17,Month-to-month,Fiber,UPI,South,Yes,1
45,110.07,61,Month-to-month,DSL,Bank Transfer,West,Yes,0
37,62.17,12,Month-to-month,Fiber,Debit Card,East,Yes,1
45,47.68,6,Month-to-month,DSL,Bank Transfer,West,No,1
25,79.24,27,Two-year,Fiber,UPI,South,No,0
58,111.24,8,One-year,Fiber,Debit Card,East,Yes,1
56,41.07,65,Month-to-month,DSL,Credit Card,East,Yes,1
18,82.3,57,Two-year,DSL,UPI,North,Yes,0
20,83.16,40,Month-to-month,DSL,Debit Card,North,Yes,0
30,93.31,14,Two-year,Fiber,Credit Card,South,Yes,0
45,33.16,35,Month-to-month,DSL,Credit Card,West,No,0
66,91.58,48,Month-to-month,DSL,Bank Transfer,West,No,0
42,110.9,56,One-year,None,UPI,South,No,1
50,37.97,49,One-year,Fiber,Credit Card,East,No,1
55,43.75,13,One-year,Fiber,Debit Card,South,No,1
23,117.14,61,Two-year,None,Credit Card,South,No,1
61,38.1,49,One-year,DSL,Credit Card,East,Yes,0
62,105.44,46,One-year,Fiber,Bank Transfer,West,No,0
49,69.23,62,Two-year,Fiber,Bank Transfer,South,No,1
62,44.72,8,One-year,Fiber,Debit Card,West,Yes,0
64,107.07,43,Month-to-month,DSL,Bank Transfer,South,No,1
38,64.53,20,Two-year,Fiber,Credit Card,East,Yes,0
33,71.48,39,Month-to-month,Fiber,Credit Card,East,No,1
38,55.92,49,One-year,Fiber,Bank Transfer,North,No,1
28,79.3,64,Two-year,DSL,Credit Card,East,No,0
54,36.35,62,One-year,DSL,Credit Card,North,No,0
53,59.11,54,One-year,DSL,Debit Card,South,No,0
52,116.94,9,One-year,DSL,Bank Transfer,West,No,0
36,45.81,37,Month-to-month,Fiber,Credit Card,East,No,1
37,85.67,49,Two-year,DSL,Bank Transfer,East,No,0
35,52.52,41,Month-to-month,Fiber,Debit Card,East,No,1
64,97.35,17,Month-to-month,DSL,Bank Transfer,South,No,0
58,33.09,21,Month-to-month,DSL,Credit Card,North,No,0
66,116.98,51,Month-to-month,Fiber,Bank Transfer,South,No,0
31,65.38,59,Month-to-month,DSL,Credit Card,West,No,0
32,43.61,39,One-year,Fiber,Credit Card,South,No,0
48,27.35,55,Month-to-month,Fiber,Credit Card,West,Yes,0
18,36.98,41,Month-to-month,DSL,Debit Card,East,Yes,0
20,71.98,39,Month-to-month,DSL,Bank Transfer,West,No,0
33,53.7,13,Month-to-month,DSL,Debit Card,West,Yes,1
40,102.89,64,One-year,DSL,Bank Transfer,North,Yes,1
28,63.09,11,Month-to-month,DSL,Debit Card,West,No,0
29,44.87,19,Month-to-month,DSL,UPI,West,Yes,1
27,81.71,11,Month-to-month,DSL,Credit Card,South,Yes,0
49,90.68,46,Month-to-month,Fiber,Credit Card,East,No,0
33,36.7,45,Month-to-month,Fiber,Debit Card,South,No,1
25,36.76,1,Month-to-month,Fiber,UPI,South,No,1
55,23.67,40,One-year,DSL,Credit Card,East,No,0
29,93.64,19,One-year,DSL,Bank Transfer,East,No,0
41,86.38,61,Month-to-month,Fiber,Debit Card,West,Yes,0
45,67.46,12,Two-year,Fiber,Credit Card,West,No,0
25,104.42,61,Month-to-month,Fiber,Credit Card,North,No,1
45,100.57,33,Month-to-month,DSL,Debit Card,South,Yes,1
53,78.54,45,Two-year,Fiber,Debit Card,East,Yes,1
43,106.83,69,Month-to-month,Fiber,Bank Transfer,West,No,0
25,40.58,8,Two-year,DSL,Bank Transfer,East,Yes,0
67,31.19,25,Month-to-month,Fiber,Credit Card,West,No,1
45,46.97,46,Month-to-month,Fiber,Credit Card,North,Yes,0
45,25.71,30,Month-to-month,DSL,Debit Card,North,No,1
54,73.12,47,One-year,DSL,Credit Card,East,No,0
58,113.66,49,One-year,Fiber,Credit Card,North,Yes,1
53,23.93,47,One-year,None,Debit Card,East,Yes,0
44,32.21,18,Month-to-month,DSL,Credit Card,West,No,1
34,65.22,66,Month-to-month,DSL,Credit Card,South,No,0
26,113.39,68,Month-to-month,DSL,UPI,North,No,0
50,51.62,33,Month-to-month,Fiber,Bank Transfer,West,No,0
37,70.72,36,Two-year,DSL,Debit Card,South,No,0
30,24.16,19,Month-to-month,None,UPI,South,Yes,0
45,34.83,28,One-year,DSL,Bank Transfer,South,Yes,0
65,118.66,40,One-year,DSL,Bank Transfer,West,Yes,1
46,116.51,15,Month-to-month,Fiber,Bank Transfer,West,No,1
30,20.49,41,One-year,Fiber,UPI,East,Yes,0
63,115.18,39,Month-to-month,Fiber,UPI,South,Yes,1
52,83.91,2,Month-to-month,Fiber,Bank Transfer,South,No,0
23,106.79,63,Month-to-month,None,Credit Card,South,No,0
35,65.47,29,Month-to-month,DSL,Credit Card,East,Yes,1
68,71.56,66,Month-to-month,Fiber,UPI,South,Yes,1
22,68.88,51,Month-to-month,DSL,UPI,West,No,0
64,86.69,10,Month-to-month,Fiber,UPI,South,No,0
42,33.97,14,Month-to-month,Fiber,Bank Transfer,North,No,0
19,23.0,51,One-year,DSL,Credit Card,West,Yes,0
27,50.79,39,One-year,Fiber,UPI,East,No,0
47,90.47,28,Month-to-month,DSL,UPI,South,No,1
67,40.19,3,Month-to-month,DSL,Debit Card,North,Yes,1
62,87.34,70,One-year,Fiber,Bank Transfer,East,No,0
22,116.99,27,Month-to-month,DSL,Debit Card,East,Yes,0
50,29.39,2,One-year,Fiber,Credit Card,West,Yes,0
18,87.26,38,Month-to-month,DSL,Debit Card,East,No,1
35,64.38,3,Month-to-month,DSL,Debit Card,East,Yes,1
49,106.81,16,Month-to-month,DSL,Debit Card,East,Yes,1
64,37.71,40,Month-to-month,DSL,Bank Transfer,East,No,0
66,89.26,2,One-year,Fiber,Credit Card,South,No,1
28,103.81,41,Month-to-month,Fiber,Debit Card,South,No,0
38,114.46,12,One-year,None,Bank Transfer,South,No,0
43,88.32,35,Two-year,Fiber,Credit Card,South,Yes,0
42,69.72,65,Month-to-month,DSL,UPI,North,No,1
39,81.78,55,One-year,Fiber,Debit Card,South,No,0
44,106.89,45,Month-to-month,DSL,Credit Card,East,No,1
66,77.06,62,Month-to-month,DSL,Debit Card,South,No,0
30,23.04,49,One-year,Fiber,UPI,South,No,0
50,113.09,25,Month-to-month,DSL,Credit Card,West,No,0
51,88.95,23,Month-to-month,DSL,Bank Transfer,East,No,0
58,87.65,24,Month-to-month,None,Credit Card,South,Yes,1
52,41.57,38,Month-to-month,Fiber,Bank Transfer,South,No,1
18,85.89,28,Two-year,Fiber,Credit Card,South,Yes,1
38,59.39,21,Two-year,DSL,Bank Transfer,North,Yes,0
65,85.12,54,One-year,DSL,UPI,South,Yes,0
23,30.66,18,One-year,Fiber,UPI,West,No,0
45,85.78,36,Month-to-month,DSL,UPI,East,No,1
34,119.94,45,Month-to-month,Fiber,Credit Card,East,No,0
22,24.82,53,Month-to-month,DSL,UPI,South,No,0
48,117.72,30,Month-to-month,Fiber,Debit Card,South,No,0
22,60.69,60,Month-to-month,DSL,UPI,South,Yes,1
55,107.08,32,Two-year,Fiber,Bank Transfer,East,Yes,0
20,98.24,67,Month-to-month,Fiber,Bank Transfer,East,No,1
40,76.7,67,Month-to-month,Fiber,Bank Transfer,North,No,0
54,93.84,28,Month-to-month,DSL,Credit Card,West,No,1
54,107.85,44,One-year,Fiber,Debit Card,North,No,0
27,60.41,41,One-year,Fiber,UPI,West,Yes,1
27,52.7,63,Month-to-month,DSL,Debit Card,North,No,0
36,86.76,23,Month-to-month,Fiber,Debit Card,East,No,0
34,100.78,48,One-year,DSL,Bank Transfer,North,No,0
38,96.23,32,Month-to-month,DSL,Bank Transfer,West,Yes,0
31,99.78,57,Month-to-month,Fiber,Bank Transfer,South,No,0
26,63.56,33,One-year,DSL,Credit Card,West,No,0
63,101.78,24,One-year,Fiber,Debit Card,South,Yes,0
18,32.02,39,Month-to-month,DSL,Debit Card,East,No,1
68,74.45,34,One-year,Fiber,Credit Card,West,No,0
62,20.58,56,One-year,None,Credit Card,North,No,0
30,52.46,28,Month-to-month,Fiber,Credit Card,West,No,1
21,56.65,37,Two-year,DSL,Debit Card,South,No,0
18,59.62,7,One-year,DSL,Debit Card,East,No,0
66,89.55,68,One-year,Fiber,Bank Transfer,North,Yes,0
57,58.86,37,One-year,DSL,Bank Transfer,West,Yes,0
49,64.87,56,Month-to-month,DSL,Debit Card,South,Yes,0
51,43.75,65,Month-to-month,Fiber,Bank Transfer,North,No,0
45,57.33,65,Month-to-month,Fiber,Credit Card,East,No,0
48,42.73,47,Month-to-month,None,UPI,North,No,0
25,27.32,20,Month-to-month,DSL,Bank Transfer,East,No,0
56,80.34,19,Two-year,DSL,Debit Card,North,No,0
43,86.82,29,One-year,DSL,Bank Transfer,West,No,1
51,81.95,60,One-year,None,Bank Transfer,South,Yes,0
20,66.35,18,Two-year,Fiber,Bank Transfer,West,No,1
67,57.98,35,One-year,Fiber,UPI,West,No,1
29,106.33,43,Month-to-month,None,Credit Card,East,No,1
18,71.91,11,Month-to-month,Fiber,Debit Card,East,No,1
61,67.92,49,Month-to-month,Fiber,UPI,East,No,1
22,22.56,38,One-year,DSL,Debit Card,West,Yes,0
47,54.12,64,Month-to-month,Fiber,Debit Card,North,No,0
47,58.02,69,One-year,Fiber,Debit Card,North,No,1
34,59.88,8,Month-to-month,Fiber,UPI,West,No,1
65,78.02,34,One-year,None,Credit Card,West,No,0
64,73.36,48,One-year,None,Debit Card,South,No,0
40,80.79,56,One-year,Fiber,Credit Card,East,No,0
32,96.49,65,Two-year,Fiber,Credit Card,East,No,1
54,101.3,31,One-year,Fiber,Bank Transfer,West,No,0
38,91.81,4,Two-year,DSL,UPI,West,No,0
31,115.55,50,Two-year,DSL,UPI,North,No,0
19,21.82,69,One-year,Fiber,Bank Transfer,West,No,0
28,39.58,30,One-year,Fiber,Bank Transfer,North,No,1
68,20.76,59,Month-to-month,DSL,Credit Card,West,Yes,0
56,84.75,67,Month-to-month,None,Debit Card,South,No,0
55,109.8,45,Month-to-month,DSL,UPI,South,Yes,0
51,44.35,4,Month-to-month,DSL,Debit Card,North,No,1
55,112.7,26,Month-to-month,Fiber,Debit Card,East,Yes,1
67,26.03,27,Two-year,DSL,Bank Transfer,South,Yes,0
51,113.44,46,Two-year,DSL,Debit Card,North,Yes,0
35,55.16,64,One-year,DSL,Credit Card,West,Yes,0
47,30.14,51,Month-to-month,Fiber,Bank Transfer,West,Yes,0
32,68.59,50,Month-to-month,Fiber,Debit Card,North,No,0
44,45.68,6,Month-to-month,Fiber,Bank Transfer,East,No,1
68,48.49,59,Month-to-month,Fiber,Credit Card,North,No,1
51,50.73,15,Month-to-month,DSL,Credit Card,North,No,1
69,100.3,30,Month-to-month,None,Debit Card,South,Yes,1
55,73.92,42,Two-year,DSL,Bank Transfer,North,No,0
50,51.13,37,One-year,None,Debit Card,North,Yes,0
41,81.03,42,Month-to-month,Fiber,Debit Card,West,Yes,0
32,91.62,35,Month-to-month,None,Bank Transfer,South,No,1
47,47.26,6,Month-to-month,DSL,Debit Card,West,Yes,1
59,61.35,68,Month-to-month,Fiber,Credit Card,West,No,1
68,32.19,18,Two-year,DSL,Bank Transfer,East,Yes,0
34,38.11,29,Month-to-month,DSL,Bank Transfer,East,No,1
22,88.11,59,Month-to-month,Fiber,Bank Transfer,South,No,0
46,38.14,47,Month-to-month,DSL,Bank Transfer,South,Yes,1
21,72.52,17,Month-to-month,Fiber,Debit Card,East,No,1
27,90.9,22,One-year,DSL,Debit Card,East,Yes,0
34,30.69,68,One-year,DSL,Credit Card,East,No,0
27,76.73,69,One-year,Fiber,UPI,East,Yes,1
34,45.66,37,Month-to-month,Fiber,UPI,East,No,0
37,116.29,49,Month-to-month,Fiber,Credit Card,West,No,1
41,68.35,13,Month-to-month,Fiber,UPI,South,Yes,0
22,100.6,34,Two-year,Fiber,Credit Card,West,No,0
51,75.02,53,Month-to-month,DSL,Debit Card,West,No,0
23,24.34,51,Month-to-month,Fiber,Bank Transfer,North,No,0
19,83.32,3,One-year,None,Bank Transfer,West,No,1
30,115.14,42,One-year,Fiber,Debit Card,East,Yes,0
60,80.16,32,Month-to-month,Fiber,Bank Transfer,East,No,0
60,101.92,51,Month-to-month,Fiber,Bank Transfer,North,Yes,0
65,108.42,46,Month-to-month,Fiber,UPI,North,Yes,0
28,42.81,21,Two-year,Fiber,Debit Card,North,No,0
68,41.2,44,Month-to-month,DSL,UPI,North,No,0
64,81.1,11,Two-year,DSL,UPI,North,No,0
40,61.1,68,Month-to-month,Fiber,Bank Transfer,West,Yes,0
33,103.99,1,Two-year,DSL,Bank Transfer,North,No,0
48,110.0,63,One-year,Fiber,Debit Card,West,Yes,1
28,55.34,24,Month-to-month,DSL,Bank Transfer,South,Yes,0
33,43.69,13,Two-year,Fiber,Bank Transfer,North,Yes,1
25,98.05,11,Month-to-month,DSL,Debit Card,North,No,1
21,47.48,51,Two-year,DSL,Bank Transfer,West,No,0
57,102.26,17,One-year,None,UPI,South,Yes,0
21,62.37,24,Month-to-month,Fiber,Debit Card,West,No,0
42,86.75,19,One-year,Fiber,Bank Transfer,West,Yes,1
20,29.55,37,Two-year,Fiber,Credit Card,North,No,0
49,82.39,8,Month-to-month,Fiber,Debit Card,East,No,0
20,65.18,28,Month-to-month,Fiber,Debit Card,East,No,0
44,78.66,5,One-year,Fiber,Credit Card,West,No,0
46,36.8,17,One-year,DSL,Bank Transfer,North,No,0
49,93.69,36,Month-to-month,Fiber,Bank Transfer,South,No,0
67,106.28,19,Month-to-month,Fiber,Debit Card,East,No,1
68,41.67,64,Month-to-month,None,Debit Card,South,No,1
36,29.57,11,Month-to-month,DSL,Bank Transfer,East,Yes,1
38,22.36,54,Month-to-month,Fiber,Bank Transfer,North,Yes,0
22,84.2,45,Two-year,Fiber,UPI,West,No,1
35,80.71,47,Month-to-month,Fiber,Debit Card,South,No,1
45,74.67,12,One-year,DSL,Debit Card,South,Yes,0
59,43.19,21,Month-to-month,Fiber,Credit Card,West,No,1
39,59.09,11,Month-to-month,DSL,UPI,South,No,1
38,79.45,5,Month-to-month,DSL,Bank Transfer,East,No,1
23,69.68,56,Month-to-month,Fiber,UPI,West,No,0
18,118.78,20,One-year,Fiber,Bank Transfer,East,No,0
22,33.64,41,Two-year,Fiber,Bank Transfer,East,No,0
58,89.51,46,One-year,None,UPI,North,No,0
29,60.43,12,Two-year,DSL,Debit Card,East,No,0
43,62.82,70,Two-year,DSL,Bank Transfer,North,No,0
63,91.76,17,Month-to-month,Fiber,UPI,South,No,1
51,89.24,19,One-year,DSL,Credit Card,South,Yes,0
66,119.13,26,One-year,DSL,UPI,North,No,0
31,32.84,48,Month-to-month,DSL,Credit Card,East,No,0
43,30.41,52,One-year,DSL,Bank Transfer,West,Yes,0
62,92.43,70,Month-to-month,Fiber,UPI,West,Yes,0
44,77.84,55,Month-to-month,DSL,UPI,North,No,1
26,47.42,33,One-year,Fiber,Credit Card,South,No,1
43,27.94,62,Month-to-month,DSL,UPI,South,Yes,1
64,28.57,23,Month-to-month,Fiber,UPI,West,Yes,0
39,109.42,15,Two-year,DSL,Bank Transfer,North,Yes,1
64,39.19,27,One-year,Fiber,UPI,West,No,1
47,52.34,64,Month-to-month,Fiber,Debit Card,East,Yes,1
60,42.67,51,One-year,DSL,Credit Card,East,Yes,0
65,55.5,53,Month-to-month,Fiber,UPI,North,No,1
34,26.94,51,Month-to-month,DSL,Credit Card,North,No,1
43,71.91,47,Two-year,Fiber,Credit Card,East,No,0
53,26.76,4,One-year,DSL,Credit Card,South,Yes,1
18,100.04,7,Month-to-month,None,UPI,North,No,0
25,43.37,35,One-year,DSL,UPI,East,No,0
66,74.0,48,Two-year,Fiber,Credit Card,East,No,0
52,108.01,45,Month-to-month,DSL,Debit Card,South,No,0
69,85.09,19,Month-to-month,DSL,Credit Card,South,No,1
32,73.3,63,Month-to-month,Fiber,Debit Card,South,Yes,0
64,52.43,38,One-year,None,Credit Card,South,No,0
39,53.3,67,One-year,DSL,Bank Transfer,West,Yes,0
31,86.95,59,One-year,DSL,Credit Card,South,No,0
43,119.41,69,Two-year,DSL,Credit Card,West,Yes,1
45,86.18,13,One-year,DSL,UPI,North,Yes,0
40,75.78,47,Month-to-month,DSL,Debit Card,East,No,1
31,93.07,61,Month-to-month,Fiber,Bank Transfer,West,Yes,1
41,66.52,31,Month-to-month,DSL,Debit Card,North,No,1
19,26.01,22,Month-to-month,DSL,Bank Transfer,North,Yes,1
62,76.23,43,One-year,Fiber,Credit Card,West,Yes,1
43,115.76,67,Two-year,DSL,UPI,North,No,0
31,37.53,54,Month-to-month,DSL,UPI,North,No,0
68,89.0,10,Month-to-month,DSL,Debit Card,West,No,1
24,40.09,42,One-year,Fiber,UPI,North,Yes,1
20,73.58,64,Month-to-month,DSL,Debit Card,South,No,1
64,29.67,21,Month-to-month,Fiber,Debit Card,South,No,1
40,65.04,66,Month-to-month,DSL,Bank Transfer,East,No,1
63,95.62,41,Month-to-month,Fiber,Debit Card,North,No,1
60,54.76,24,Two-year,DSL,Bank Transfer,East,No,1
64,86.49,35,Month-to-month,Fiber,UPI,South,No,0
62,99.54,56,Month-to-month,Fiber,Debit Card,South,No,0
35,112.72,30,Month-to-month,Fiber,Debit Card,South,No,0
55,43.46,57,Two-year,DSL,Credit Card,North,No,0
